name,nameArabic,commonName,Toxicity,General care,Foliage,Flower,Unnamed: 7,Family,Commercial Light levels,brightness,temperature,solHumidity,watering,suggestedSoilMix,Problems,description
Abutilon hybridum,"أبو طيلون, المزهرة القيقب ","Chinese bellflower, flowering maple, parlor maple",No Incriminating Information Has Been Discovered,"Pruning : After flowering, cut spent flower stems back to the first set of leaves.
Propagation : Propagate by seed in spring at 15ºC to 18ºC, or by softwood cuttings.
Propagation methods: Softwood cuttings, Seed, Stem tip cuttings.",Green in All seasons,"Red, Yellow, White, Orange in Spring; White, Red, Orange, Yellow in Summer; Yellow, White, Red, Orange in Autumn",,https://en.wikipedia.org/wiki/Malvaceae,,1,1,2,2,1.0,"May suffer from virus.             Specific pests:
Mealybugs , Scale insects , Glasshouse whitefly , Glasshouse red spider mite","Abutilon × hybridum is a species name used for a wide variety of different types flowering plants of uncertain origin in the genus Abutilon.[1][2][3] Because of the uncertainty surrounding the name, they are often considered a cultivar group: Abutilon x Hybridum Group or Abutilon Hybridum Group. They are cultigens, not occurring in the wild.[4][5] As with the larger genus Abutilon generally, they have been referred to by the common names Chinese lantern,[6][7] and parlour maple."
Achimenes hybrids ,أتشيمينيز,"Magic Flower,Hot-water plant, window's tears, cupid's bower",No Incriminating Information Has Been Discovered,,,,,https://en.wikipedia.org/wiki/Gesneriaceae,,2,2,2,1,7.0,,
Acorus calamus,"القَصَب العِطْرِي,الحلو العلم",Sweet Flag,Toxic Plant,,,,,Acoraceae,,2_3,2,2,1,2.0,,
Acorus gramineus,"وَجّ قزم أو وَجّ عشبي,الحلو العلم مصغرة",Miniature Sweet Flag,,,,,,Acoraceae,,2_3,2,2,1,2.0,,
Adiantum raddianum,برشاوشان لولبي,Maidenhair Fern,,,,,,Pteridaceae,,2_3,2,1,1,6.0,,
Adromischus cristatus,"نبات أوراق التجعيد ، نبات فطيرة الجير الرئيسي, تغضن أوراق",Crinkle-Leaf Plant,,,,,,Crassulaceae,,2_3,2,2,2,5.0,,"Adromischus cristatus is a species of succulents from the family Crassulaceae, endemic to the eastern cape of South Africa. It is a perennial with short erect branches 20–50 mm long covered with fine aerial roots. Leaves are green to gray-green, with undulating margin, and generally measuring 20–40 × 5–13 mm. During the springtime, it sends up long narrow stalks for its flowers, which are tubular in shape and white in color with hints of red. Common names for this plant include ""Key Lime Pie"" and ""Crinkle Leaf Plant."""
Adromischus festivus,البيض الزقزاق,Plover Eggs,,,,,,Crassulaceae,,2_3,2,2,2,5.0,,"Adromischus festivus is a dwarf succulent, up to 7 cm tall, leaves 2.5 to 5 cm long. Form groups of stems."
Aechmea fasciata,"أخميا (أشميا) , الفضة إناء ",Silver Vase,Toxic Plant,,,,,Bromeliaceae,,2_3,2,2,2,3.0,,"Aechmea fasciata is a species of flowering plant in the Bromeliaceae family.[2] It is commonly called the silver vase or urn plant and is native to Brazil. This plant is probably the best known species in this genus, and it is often grown as a houseplant in temperate areas."
Aechmea miniata ‘Discolor’," أكمية زنجفرية,  الأرجواني التوت المرجانية",Purplish Coral Berry,,,,,,Bromeliaceae,,2_3,2,2,2,3.0,,Aechmea miniata is a species of flowering plant in the Bromeliaceae family. This species is native to the state of Bahia in eastern Brazil
Aechmea ‘Royal Wine’,النبيذ الملكي,Royal Wine Bromeliad,,,,,,Bromeliaceae,,2_3,2,2,1,3.0,,
Aeschynanthus marmoratus,,Zebra Basket Vine,No Incriminating Information Has Been Discovered,,,,,Gesneriaceae,,2,2,2,1,7.0,,
Aeschynanthus pulcher,,Lipstick Vine,No Incriminating Information Has Been Discovered,,,,,Gesneriaceae,,2,2,2,1,7.0,,
Agave Americana ‘Marginata’, التلون القرن النبات,"Variegated Century Plant,Century plant, maguey, American aloe",Toxic Plant,,,,,Asparagaceae,,1,2,3,3,5.0,,
Agave victoriae-reginae,الملكة الأغاف ,Queen Agave,,,,,,Asparagaceae,,1,2,2,2,5.0,,
Aglaonema modestum,"ورق  الليمون  (اغلونيما) , الخضرة الصينية ",Chinese Evergreen,,,,,,Araceae,,3,2,2,2,2.0,,
Aglaonema ‘Silver King’,الفضة المللك,Silver King,,,,,,Araceae,,3,2,2,2,2.0,,
Aglaonema ‘Silver Queen’,الفضة الملكة,Silver Queen,,,,,,Araceae,,3,2,2,2,2.0,,
Allamanda cathartica,,Allamanda,,,,,,Apocynaceae,,1,2,1_2,2,1.0,,
Alloplectus nummularia,,Miniature Pouch Flower,,,,,,Gesneriaceae,,2_3,2,1_2,1,7.0,,
Aloe aborescens,,Candelabra Plant,,,,,,Asphodelaceae,,1,3,3,3,5.0,,
Aloe barbadensis,,Medicine Plant,,,,,,Asphodelaceae,,1,3,3,3,5.0,,
Aloe brevifolia,,Brevifolia Aloe,,,,,,Asphodelaceae,,1,3,3,3,5.0,,
Ananas comosus,,Pineapple,,,,,,Bromeliaceae,,1_2,2,2,1,3.0,,
Anthurium clarinervium,,Dwarf Crystal Anthurium,,,,,,Araceae,,2_3,2,1_2,1,2.0,,
Anthurium hookeri,,Bird’s Nest Anthurium,,,,,,Araceae,,2_3,2,1_2,1,2.0,,
Anthurium scherzeranum,,Flamingo Flower,,,,,,Araceae,,2_3,2,1_2,1,6.0,,
Aphelandra squarrosa,شمعة الميلاد,Zebra Plant,No Incriminating Information Has Been Discovered,,,,,Acanthaceae,,2,2,2,1,2.0,,
Araliaceae,,Caladium,,,,,,,,2,2,1,1,2.0,,
Araucaria heterophylla,,Norfolk Island Pine,,,,,,Araucariaceae,,2_3,2,2,1,2.0,,
Ardissa crenata,,Ardisia,,,,,,Primulaceae,,2_3,2,2,1,2.0,,
Asokebuyn budys,,Bird’s Nest Fern,,,,,,Aspleniaceae,,3,2,2,1,6.0,,
Asparagus densiflorus ‘Myers’,,Plume Asparagus,,,,,,Asparagaceae,,2_3,2,2,2,2.0,,
Asparagus densiflorus ‘Sprengeri’,الاسبرجس الخشن (زهر الهوا الخشن),Foxtail Fern,,,,,,Asparagaceae,,"2,3",2,2,2,2.0,,
Asparagus falcatus,,Sickle Thorn,,,,,,Asparagaceae,,2_3,2,2,2,2.0,,
Asparagus plumosus,الاسبرجس الناعم (زهر الهوا الناعم),"common asparagus fern, asparagus grass, lace fern, climbing asparagus, or ferny asparagus",, ,,,,Asparagaceae,,"2,3",2,2,2,2.0,,
Aspidistra elatior,,Cast Iron Plant,,,,,,Asparagaceae,,3,2,3,2,2.0,,
Asplenium daucifolium,,Mother Fern,,,,,,Aspleniaceae,,3,2,2,1,6.0,,
Astrophytum myriostigma,,Bishop’s Cap,,,,,,CACTACEAE,,2,2,3,3,5.0,,
Astrophytum ornatum,,the bishop's cap or monk's hood cactus,,,,,,CACTACEAE,,2,2,3,3,5.0,,
Beaucarnea recurvata,,Ponytail,,,,,,Asparagaceae,,1,2,3,3,5.0,,
Begonia cubensis,,Cuban Holly,,,,,,Begoniaceae,,2_3,2,2,2,2.0,,
Begonia haageana,بيغونيا,,,,,,,Begoniaceae,,"2,3",2,2,2,2.0,,
Begonia metallica,,Metallic Leaf Begonia,,,,,,Begoniaceae,,2_3,2,2,2,2.0,,
Begonia President,الملكة,,,,,,,Begoniaceae,,"2,3",2,2,2,2.0,,
Begonia semperflorens,بيغونيا الفضية,Wax Begonia,,,,,,Begoniaceae,,1_2,1,2,2,1.0,,
Begonia x rex-cultorum,بيغونيا ركس,Rex Begonia,,,,,,Begoniaceae,,2_3,2,2,2,2.0,,
Beloperone guttata,الجمبري,,,,,,,Acanthaceae,,2,2,2,1,0.0,,
Billbergia nutans,,Queen’s Tears,,,,,,Bromeliaceae,,2_3,2,2,2,3.0,,
Billbergia pyramidalis,,Urn Plant,,,,,,Bromeliaceae,,2_3,2,2,2,3.0,,
Billbergia zebrina,,Zebra Plant,,,,,,Bromeliaceae,,2_3,2,2,2,3.0,,
Bougainvillea spp.,"Bougainvillea glabra, the lesser bougainvillea or paperflower",Bougainvillea,,,,,,Nyctaginaceae,,1,2,3,3,1.0,,
Brassaia actinophylla,,Schefflera,,,,,,Araliaceae,,2_3,2,2,2,2.0,,
Brassaia arboricola,,Dwarf Schefflera,,,,,,Araliaceae,,2_3,2,2,2,2.0,,
Calathea insignis,,Rattlesnake Plant,,,,,,Marantaceae,,2_3,2,2,1,2.0,,
Calathea makoyana,,Peacock Plant,,,,,,Marantaceae,,2_3,2,2,1,2.0,,
Calathea micans,,Miniature Maranta,,,,,,Marantaceae,,2_3,2,2,1,2.0,,
Calathea roseopicta,,Rose Calathea,,,,,,Marantaceae,,2_3,2,2,1,2.0,,
Calceolaria crenatiflora,,Slipperwort,,,,,,Calceolariaceae,,2,1,1,1,1.0,,
Callisia elegans,,Striped Inch Plant,,,,,,Commelinaceae,,2_3,2,2,2,2.0,,
Carissa grandiflora ‘Bonsai’,,Bonsai Natal Plum,,,,,,Apocynaceae,,1_2,2_3,2,2,1.0,,
Carissa grandiflora ‘Boxwood Beauty’,,Boxwood Beauty,,,,,,Apocynaceae,,1_2,2_3,2,2,1.0,,
Caryota mitis,,Fishtail Palm,,,,,,Arecaceae,,2_3,2,2,2,2.0,,
Catharanthus roseus,,Madagascar Periwinkle,,,,,,Apocynaceae,,1_2,2,1_2,2,1.0,,
Cereus peruvianus,الصخرة الخشنة,Peruvian Apple Cactus,,,,,,Cactaceae,,1,2_3,3,3,5.0,,
Ceropegia woodii,,Rosary Vine,,,,,,Apocynaceae,,2_3,2,2,2,5.0,,
Chamaedorea elegans,النخيل الريشي(شاميدوريا),Parlor Palm,,,,,,Arecaceae,,3_4,2,2,2,2.0,,
Chamaedorea erumpens,,Bamboo Palm,,,,,,Arecaceae,,3_4,2,2,2,2.0,,
Chamaerops humilis,النخيل المروحي,European Fan Palm,,,,,,Arecaceae,,2_3,2,2,2,2.0,,
Chirita lavandulacea,,Hindustan Gentian,,,,,,Gesneriaceae,,2_3,2,1_2,1,7.0,,
Chlorophytum comosum ‘Variegatum’,,Variegated Spider Plant,,,,,,Liliaceae,,2_3,2,2,1,2.0,,
Chlorophytum comosum ‘Vittatum’,,Spider Plant,,,,,,Liliaceae,,2_3,2,2,1,2.0,,
Chrysalidocarpus lutescens,,Areca Palm,,,,,,,,2_3,2,2,1,2.0,,
Chrysanthemum morifolium,,Chrysanthemum,,,,,,,,1,2,2,1,1.0,,
Cissus antarctica,,Kangaroo Vine,,,,,,,,2_3,2,2,2,2.0,,
Cissus rhombifolia,,Grape Leaf Ivy,,,,,,,,2_3,2,2,2,2.0,,
Cissus rotundifolia,,Wax Cissus,,,,,,,,2,2,3,3,2.0,,
Cissus striata,,Miniature Grape Ivy,,,,,,,,2_3,2,2,2,2.0,,
Citrofortunella mitis,,Calamondin Orange,,,,,,,,1_2,1,2,2,1.0,,
Clerodendrum thomsoniae,القلب الدموي,,,,,,,,,"2,3",1,2,1,0.0,,
Clivia miniata ‘Grandiflora’,,Kafir Lily,,,,,,,,2,2,2,2,1.0,,
Codiaeum variegatum,,Croton,,,,,,,,1,2,1,1,2.0,,
Coffeaa arabica,,Coffee,,,,,,,,2,2,2,2,1.0,,
Coleus blumeri,,Coleus,,,,,,,,2_3,2,2,2,1.0,,
Coleus hybrid,الساجدة,,,,,,,,,"2,3",2,2,2,1.0,,
Colummea hybrids,,Goldfish Plant,,,,,,,,2_3,2,1_2,1,7.0,,
Cordyline australis,كورديلين,,,,,,,,,2,"1,2",2,2,2.0,,
Cordyline terminalis,,Ti Plant,,,,,,,,2,1_2,2,2,2.0,,
Crassula argentea,,Jade Plant,,,,,,,,2_3,2,2,2,2.0,,
Crassula falcata,,Propeller Plant,,,,,,,,1_2,2,2,3,5.0,,
Crassula hemisphaerica,,Arab’s Turban,,,,,,,,1_2,2,2,3,5.0,,
Crassula lycopodioides,,Toy Cypress,,,,,,,,1_2,2,2,2,5.0,,
Crassula schmidtii,,Red Flowering Crassula,,,,,,,,2_3,2,2,2,5.0,,
Crassula teres,,Rattlesnake Tail,,,,,,,,2_3,2,3,3,5.0,,
Crossandra infundibuliformis,,Crossandra,,,,,,,,2,2,2,1,1.0,,
Cryptanthus bivittatus ‘Minor’,,Dwarf Rose Stripe Star,,,,,,,,2,2,2,2,3.0,,
Cryptanthus fosteranus,,Stiff Pheasant Leaf,,,,,,,,2,2,2,2,3.0,,
Cryptanthus zonatus,,Zebra Plant,,,,,,,,2,2,2,2,3.0,,
cyperus alternifolius,الشمسية,,,,,,,,,"2,3",2,2,2,0.0,,
Cyrtomium falcatum ‘Rochfordianum’,,House Holly Fern,,,,,,,,2_3,2,2,2,6.0,,
Davallia fejeensis,,Rabbit’s Foot Fern,,,,,,,,2_3,2,1,1,3.0,,
dieffenbachia amoena,دفنباخيا,,,,,,,,,"2,3",2,2,2,2.0,,
Dieffenbachia maculata,,Spotted Dumb Cane,,,,,,,,3,2,2,2,2.0,,
Dieffenbachia ‘Exotica Perfection’,,Exotica Perfection,,,,,,,,2_3,2,2,2,2.0,,
Dizygotheca elegantissima,اراليا,False Aralia,,,,,,,,2_3,2,2,2,2.0,,
Dracaena deremensis ‘Janet Craig’,,Janet Craig,,,,,,,,2_4,2,2,2,2.0,,
Dracaena deremensis ‘Warneckii’,,Warneckii,,,,,,,,2_4,2,2,2,2.0,,
Dracaena fragrans ‘Massangeana’,,Corn Plant,,,,,,دراسينا,,2_3,2,2,2,2.0,,
Dracaena marginata,,Marginata,,,,,,,,2_4,2,2,2,2.0,,
Dracaena surculosa,,Gold Dust Dracaena,,,,,,,,2_4,2,2,2,2.0,,
Dyckia brevifolia,,Miniature Agave,,,,,,,,1_2,2,3,undefined,2.0,,
Dyckia fosterana,,Silver and Gold Dyckia,,,,,,,,1_2,2,3,undefined,3.0,,
Echeveria agavoides,,Molded Wax,,,,,,,,1_2,2,3,3,5.0,,
Echeveria elegans,,Mexican Snowball,,,,,,,,1_2,2,3,3,5.0,,
Echinocereus reichenbachii,,Lace Cactus,,,,,,,,1_2,2,3,3,5.0,,
Epidendrum atropurpureum,,Spice Orchid,,,,,,,,2,2,1_2,1,4.0,,
Epiphyllum hybrids,,Orchid Cacti,,,,,,,,2,2,2,2,1.0,,
Epipremnum aureum,,Golden Pothos,,,,,,,,2_4,2,2,2,2.0,,
Epipremnum aureum ‘Marble Queen’,,Marble Queen,,,,,,,,2_4,2,2,2,2.0,,
Episcia cupreata,,Flame Violet,,,,,,,,2,2_3,1,1,7.0,,
Episcia dianthiflora,,Lace-Flower Vine,,,,,,,,2,2_3,1,1,7.0,,
Episcia reptans,,Scarlet Violet,,,,,,,,2,2_3,1,1,7.0,,
Euphorbia coeralescens,,Blue Euphorbia,,,,,,,,2_3,2,2_3,undefined,5.0,,
Euphorbia mammillaris,,Corncob Cactus,,,,,,,,1,2,2_3,3,5.0,,
Euphorbia milii splendens,شوك المسيح,Crown-of-Thorns,,,,,,,,1,2,2_3,3,5.0,,
Euphorbia pulcherrima,,Poinsettia,,,,,,,,1_2,2,2,2,1.0,,
Euphorbia tirucalli,,Milkbush,,,,,,,,1_2,2,2,2,1.0,,
Fatshedera lizei,,Botanical Wonder Plant,,,,,,,,2_3,1_2,2,2,2.0,,
Fatsia japonica,,Japanese Aralia,,,,,,,,2022-04-03 00:00:00,1_2,2,2,2.0,,
Ficus benjamina,,Weeping Fig,,,,,,,,2022-03-01 00:00:00,2,2,2,2.0,,
Ficus deltoidea,,Mistletoe Ficus,,,,,,,,2_3,2,2,2,2.0,,
Ficus elastica ‘Decora’,,Rubber Plant,No. It’s poisonous to pets and humans if eaten. ,"If you want new leaf growth after leaves have fallen off, cut a small notch in the node where the leaf fell from.",,,,,,"1-3                   Give this one bright light, but not direct sunlight.",2_3,2,"2                           Try watering it about 1 to 2 times a week (yellow leaves = lay off the water). Let the soil dry on top before watering. Make sure to really keep it moist during the summer, which is when it thrives.",2.0,,
Ficus lyrata,,Fiddle-Leaf Fig,No. It’s toxic if cats or dogs ingest it.,This plant loves it some humidity so giving it a good mist keeps it happy.,,,,,,1-3  Place it in a well-lit spot where it will receive indirect lighting all day long,2,2,"2                     Keep the soil moist, but let at least 1 inch of soil dry out before watering again. During the summer it requires more frequent watering.",2.0,,
Ficus pumila ‘Minima’,,Dwarf Creeping Fig,,,,,,,,2_3,2,2,2,2.0,,
Ficus retusa,,Cuban Laurel,,,,,,,,2_3,2,2,2,2.0,,
Ficus sagittata,,Rooting Fig,,,,,,,,2_3,2,2,2,2.0,,
Ficus willdemaniana,,Dwarf Fiddle-Leaf Fig,,,,,,,,2_3,2,2,2,2.0,,
Fittonia verschaffeltii,,Red-Nerved Fittonia,,,,,,,,2_3,2,1,1,2.0,,
Fittonia verschaffeltii argyroneura,,Silver-Nerved Fittonia,,,,,,,,2_3,2,1,1,2.0,,
Fuchsia hybrida,,Fuchsias,,,,,,,,2,1_2,1,1,1.0,,
fuchsia leonora,زهر الجميل (حلق الست),,,,,,,,,"2,3",2,2,2,0.0,,
Gasteria hybrida,,Ox Tongue,,,,,,,,2,2,2,3,5.0,,
Graptopetalum amethystinum,,Jewel Leaf Plant,,,,,,,,2_3,2,2_3,3,5.0,,
Guzmania lingulata ‘Major’,,Scarlet Star,,,,,,,,2,2,1,2,3.0,,
Guzmania monostachia,,Striped Torch,,,,,,,,2,2,1,2,3.0,,
Gynura aurantiaca ‘Purple Passion’,جينورا,Purple Passion or gynura sarmentosa,,,,,,,,2_3,2,2,2,2.0,,
Haworthia cuspidata,,Star Window Plant,,,,,,,,1_2,2,3,undefined,5.0,,
Haworthia fasciata,,Zebra Haworthia,,,,,,,,1_2,2,3,undefined,5.0,,
Haworthia subfasciata,,Little Zebra Plant,,,,,,,,2,2,3,undefined,5.0,,
Haworthia truncata,,Clipped Window Plant,,,,,,,,1_2,2,3,3,5.0,,
Hedera canariensis,,Algerian Ivy,,,,,,,,2_3,1_2,2,2,1.0,,
Hedera helix,,English Ivy,,,,,,,,2_3,1_2,2,2,1.0,,
Hemigraphis alternata,,Waffle Plant,,,,,,,,2_3,2,2,2,2.0,,
Hibiscus rosa-sinensis,,Chinese Hibiscus,,,,,,,,1,2,2,2,1.0,,
Hippeastrum hybrids,,Amaryllis,,,,,,,,2,2,2,2,1.0,,
Howea belmoreana,,Belmore Sentry Palm,,,,,,,,3_4,2,2,2,2.0,,
Howea forsterana,,Kentia Palm,,,,,,,,2_4,2,2,2,2.0,,
Hoya carnosa ‘Variegata’,,Wax Plant,,,,,,,,2_3,2,2_3,2,2.0,,
Hoya kerrii,,Sweetheart Hoya,,,,,,,,2,2,2,2,2.0,,
Hyacinthus orientalis,,Hyacinth,,,,,,,,2,1_2,2,1,1.0,,
Hydrangea hortensia,قرطاسية,,,,,,,,,,,,0,0.0,,
Impatiens wallerana ‘Variegata’,,Busy Lizzie Impatiens,,,,,,,,2_3,2,2,2,1.0,,
Ixora coccinea,,Ixora,,,,,,,,1,2,2,2,1.0,,
Jatropha integerrima,,Peregrian,,,,,,,,1,2,2,2,1.0,,
Justicia brandegeana,,Shrimp Plant,,,,,,,,1_2,2,2,2,1.0,,
Kalanchoe blossfeldiana,,Christmas Kalanchoe,,,,,,,,1_2,2,2,2,1.0,,
Kalanchoe pumila,,Dwarf Purple Kalanchoe,,,,,,,,1_2,2,2_3,3,5.0,,
Kalanchoe tomentosa,,Panda Plant,,,,,,,,1_2,2,2_3,3,5.0,,
Malvaviscus arboreus,,Turk’s Cap,,,,,,,,1,2,2,1,1.0,,
Mammillaria bocasana,,Powder Puff,,,,,,,,1_2,2,3,3,5.0,,
Manettia inflata,,Firecracker Plant,,,,,,,,2,2,1_2,2,1.0,,
Maranta bicolor,ميرانتا بيكولور,,,,,,,,,"2,3",2,2,2,2.0,,
Maranta leuconeura erythroneura,ميرانتا,Red Nerve Plant,,,,,,,,"2,3",2,2,2,2.0,,
Maranta leuconeura kerchoviana,,Prayer Plant,,,,,,,,2_3,2,2,2,2.0,,
Mikania ternata,,Plush Vine,,,,,,,,2_3,2,2,2,2.0,,
Monstera deliciosa,,Philodendron Pertusum,,,,,,,,2_4,2,2,2,2.0,,
monstera deliciosa,,split-leaf philodendron or swiss cheese plant,,,,,,Araceae,,2(  Medium-light areas: 75 ft-c to 200 ft-c),"Average: 65°F (18,33 °C)   night, 75°F (24°C) day temperatures",Average: 25% to 49%,undefined,,,"Monstera deliciosa, commonly called split-leaf philodendron or swiss cheese plant, is native to Central America. It is a climbing, evergreen perennial vine that is perhaps most noted for its large perforated leaves on thick plant stems and its long cord-like aerial roots. In its native tropical habitat, it will climb somewhat impressively to 70’ into large trees, clothing the trunks with leaves in the 1-3’ long range. Indoor plants more typically are grown in the 6-8’ range. Mature leaves of this plant are very large, glossy, deep green and distinctively cut and perforated. Juvenile leaves are small and mostly uncut. Mature plants may produce arum-like flowers with a spadix to 10” surrounded by a white spathe. Flowers give way to an edible fruit that is reminiscent in taste to pineapple-banana. Indoor plants rarely flower and fruit however. Aerial roots on the lower parts of this plant can be rooted into the soil to help nourish the plant. Aerial roots on the upper parts of the plant can be attached to a moss-like climbing pole or simply removed.  Genus name possibly contracted from monstrifer meaning monster-bearing in reference to the perforated leaves.  Specific epithet means delicious for the delicious, edible fruit.  Common name is in reference to the perforated foliage. Although not a philodendron, this plant is commonly called split-leaf philodendron."
Monstera obliqua,,Window Leaf,,,,,,,,3,2,2,2,2.0,,
Monstera pertusa,كف مريم (كف الدب),,,,,,,,,3,2,2,2,2.0,,
Nautilocalyx lynchii,,Black Alloplectus,,,,,,,,2_3,2,2,1,7.0,,
Neoregelia carolinae  ‘Tricolor’,,Tricolor Bromeliad,,,,,,,,2_3,2,2,2,3.0,,
Neoregelia spectabilis,,Fingernail Plant,,,,,,,,2_3,2,2,2,3.0,,
Neoregelia zonata,,Zonata,,,,,,,,2_3,2,2,2,3.0,,
Nephrolepis exaltata ‘Bostoniensis’,السرخس,Boston Fern,,,,,,,,2_3,2,1_2,2,6.0,,
Nephrolepis exaltata ‘Fluffy Ruffles’,,Fluffy Ruffles,,,,,,,,2_3,2,1,2,6.0,,
Nidularium innocentii nana,,Miniature Bird’s Nest,,,,,,,,2_3,2,2,1,3.0,,
Opuntia vilis,,Little Tree Cactus,,,,,,,,1_2,2,3,3,5.0,,
Opuntia vulgaris,,Irish Mittens,,,,,,,,1_2,2,3,3,5.0,,
Oxalis flava,,Finger Oxalis,,,,,,,,1_2,2,2,2,1.0,,
Oxalis rubra,,Red Oxalis,,,,,,,,1_2,2,2,2,1.0,,
Pachira aquatiac,,Money tree,,,,,,,,Bright indirect lights. Thrives in fluorescent lighting (perfect for apartment living).,,,Water when the soil is almost completely dry at top,,,
Pachyphytum oviferum,,Pearly Moonstones,,,,,,,,1_2,2,2_3,undefined,5.0,,
Pachystachys lutea,,Yellow Shrimp Plant,,,,,,,,2_3,2,2,2,1.0,,
Paphiopedilum hybrids,,Ladyslipper Orchids,,,,,,,,2_3,2,2,undefined,4.0,,
Pelargoniium peltatum,,Ivy Geranium,,,,,,,,1_2,1_2,2,2,1.0,,
Pelargonium grandiflorum,الخبيزة,,,,,,,,,"1,2","1,2",2,2,1.0,,
Pellaea rotundifolia,,Button Fern,,,,,,,,2_3,2,2,undefined,6.0,,
Pellionia pulchra,,Satin Pellionia,,,,,,,,2_3,2,2,undefined,2.0,,
Pentas lanceolata,,Egyptian Star Cluster,,,,,,,,1,2,2,2,1.0,,
Peperomia caperata,بيبروميا,Emerald Ripple,,,,,,,,2_3,2,2,2,2.0,,
Peperomia crassifolia,,Leather Peperomia,,,,,,,,2_3,2,2,2,2.0,,
Peperomia obtusifolia,,Baby Rubber Tree,,,,,,,,2_3,2,2,2,2.0,,
Philodendron bipennifolium,,Fiddle-Leaf Philodendron,,,,,,,,2022-04-03 00:00:00,2,2,2,2.0,,
Philodendron hederaceum,,"heartleaf philodendron , Philodendron scandens",,,,,,,,,,,0,0.0,,
Philodendron scandens oxycardium,,Heart-Leaf Philodendron,,,,,,,,2_4,2,2,2,2.0,,
Philodendron selloum,,Selloum,,,,,,,,2_4,2,2,2,2.0,,
Philodendron ‘Emerald Queen’,,Emerald Queen,,,,,,,,2_4,2,2,2,2.0,,
Philodendron ‘Florida’,,Florida,,,,,,,,2_4,2,2,2,2.0,,
Phoenix roebelenii,,Pigmy Date Palm,,,,,,,,2_3,2,2,2,2.0,,
Pilea cadierei,بيليا,Aluminum Plant,,,,,,,,2_3,2,1_2,1,2.0,,
Pilea microphylla,,Artillery Plant,,,,,,,,2_3,2,1,1,2.0,,
Platycerium bifurcatum,,Staghorn Fern,,,,,,,,2_3,2,2,2,6.0,,
Plectranthus australis,,Swedish Ivy,,,,,,,,2_3,2,2,2,2.0,,
Plectranthus australis,,Candle Plant,,,,,,,,2_3,2,2,2,2.0,,
Podocarpus macrophyllus,,Podocarpus,,,,,,,,2_3,2,2,2,2.0,,
Polyscias balfouriana ‘Marginata’,,Variegated Balfour Aralia,,,,,,,,2_3,2,2,2,2.0,,
Polyscias fruticosa,,Ming Aralia,,,,,,,,2_3,2,2,2,2.0,,
Rhapis excelsa,,Lady Palm,,,,,,,,2_3,2,2,2,2.0,,
Rhododendron hybrids,,Azaleas,,,,,,,,2,1_2,1,1,2.0,,
Ruellia graeciznas,,Red-Spray Ruellia,,,,,,,,1_2,2,2,2,1.0,,
Saintpaulia hybrids,,African Violets,,,,,,,,2_3,2,2,1,7.0,,
Sansevieria parva,,Parva Sansevieria,,,,,,,,2_3,2,3,undefined,5.0,,
Sansevieria trifasciata ‘Hahnii’,,Birdsnest Sansevieria,,,,,,,,2_4,2,3,undefined,5.0,,
Sansevieria trifasciata ‘Laurentii’,جلد النمر (السيوف),Gold-Banded Sansevieria,,,,,,,,2_4,2,3,undefined,5.0,,
Saxifraga stolonifera,,Strawberry Geranium,,,,,,,,2_3,1_2,2,2,2.0,,
Scheflera actinophylla,شيلفيرا,,,,,,,,,2 3,2,2,2,2.0,,
Schlumbergera bridgesii,,Christmas Cactus,,,,,,,,2_3,2,2,2,2.0,,
Schlumbergera truncata,,Christmas Cactus,,,,,,,,2_3,2,2,2,2.0,,
Scindapsus aureus,تليفونة,,,,,,,,,3,2,2,1,0.0,,
Scindapsus pictus,,Silver Pothos,,,,,,,,3,2,2,2,2.0,,
Sedum spectabile,,Showy Sedum,,,,,,,,1_2,1_2,2_3,undefined,5.0,,
Sempervivum arachniodeum,,Cow Web Houseleek,,,,,,,,1_2,1_2,2_3,undefined,5.0,,
Setcreasea pallida ‘Purple Heart’,,Purple Heart,,,,,,,,1_2,2,2,2,2.0,"Watch for aphids, mealybugs, thrips, scale or spider mites.",
Sinningia speciosa,,Gloxinia,,,,,,,,2_3,2,1_2,2,7.0,,
Soleirolia soleirolii,,Baby Tears,,,,,,,,2_3,2,1_2,1,2.0,,
Spathiphyllum ‘Clevelandii’,,Peace Lily,,,,,,,,2_3,2,2,1,2.0,,
Spathiphyllum ‘Mauna Loa’,,Mauna Loa,,,,,,,,2_3,2,2,1,2.0,,
Stapelia nobilis,,Carrion Flower,,,,,,,,1_2,2,2_3,undefined,5.0,,
Stephanotis floribunda,زهرة الشمعة,,,,,,,,,2,2,2,2,0.0,,
Streptocarpus x hybridus,,Cape Primrose,,,,,,,,2_3,2,2,2,7.0,,
Strobilanthes dyeranum,,Persian Shield,,,,,,,,2_3,2,2,2,2.0,,
Syngonium podophyllum,وجه الثعلب,Nephthytis,,,,,,,,2_4,2,2,2,2.0,,
Tillandsia lindenii,,Blue-Flowered Torch,,,,,,,,2,2,2,2,3.0,,
Tolmiea menziesii,,Piggyback Plant,,,,,,,,2,1_2,2,2,2.0,,
Tradescantia blossfeldiana,حشيشة الفي,Flowering Inch Plant,,,,,,,,2_3,2,2,2,2.0,,
Tradescantia sillamontana,,White Velvet,,,,,,,,2_3,2,2,2,2.0,,
Trillandsia bulbosa,,Dancing Bulb,,,,,,,,2,2,2,2,3.0,,
Vriesea splendens,,Flaming Sword,,,,,,,,2,2,2,2,3.0,,
Yucca elephantipes,,Spineless Yucca,,,,,,,,2,2,3,2,2.0,,
Zebrina pendula,,Wandering Jew,,,,,,,,2_3,2,2,2,2.0,,
Zygocactus truncatus,العقربة,,,,,,,,,"2,3",2,2,2,2.0,,
